{
  "file_name": "diamond_cut",
  "classes_in_target": 4,
  "fraction_of_numerical_attributes": 0.75,
  "Columns_Outliers": [
    {
      "column_name": "depth",
      "list_of_outliers": [
        3.646085043904237,
        3.1894477307615934,
        3.0981202681330626,
        2.869801611561741,
        3.3264389247043846,
        3.143783999447332,
        3.87440370047556,
        3.0067928055045394
      ],
      "count_of_outliers": 8
    },
    {
      "column_name": "table",
      "list_of_outliers": [
        -3.044678856104189,
        2.8659998067606227,
        2.8659998067606227,
        2.8659998067606227,
        2.8659998067606227
      ],
      "count_of_outliers": 5
    },
    {
      "column_name": "carat",
      "list_of_outliers": [
        4.012377772115177,
        4.182856867412169,
        2.667487131438908,
        2.4970080361419167,
        5.205731439194119,
        3.993435650415511,
        2.3454710625445903,
        3.065271687131889,
        2.364413184244256,
        2.648545009739242,
        3.5956510947225295,
        2.8000819833365687,
        3.5009404862242013,
        2.8000819833365687,
        2.7053713748382395,
        2.2697025757459266
      ],
      "count_of_outliers": 16
    }
  ],
  "Size": 599,
  "Average_of_count_of_outliers": 9.666666666666666,
  "Normalised_Average_count_of_outliers": 0.016138007790762382,
  "Avg_correlation": 0.13928540864714417
}