{
  "file_name": "cmc_data",
  "classes_in_target": 3,
  "fraction_of_numerical_attributes": 0.2222222222222222,
  "Columns_Outliers": [
    {
      "column_name": "a",
      "list_of_outliers": [],
      "count_of_outliers": 0
    },
    {
      "column_name": "d",
      "list_of_outliers": [
        2.858078246079892,
        2.4339447324313244,
        2.4339447324313244,
        2.858078246079892,
        2.858078246079892,
        2.858078246079892,
        3.706345273377027,
        3.2822117597284595,
        3.2822117597284595,
        3.2822117597284595,
        2.858078246079892,
        2.4339447324313244,
        2.858078246079892,
        3.2822117597284595,
        4.130478787025593,
        3.2822117597284595,
        2.858078246079892,
        5.402879327971296,
        4.130478787025593,
        3.2822117597284595,
        2.4339447324313244,
        2.4339447324313244,
        2.4339447324313244,
        3.2822117597284595,
        2.4339447324313244,
        3.2822117597284595,
        3.706345273377027,
        2.858078246079892,
        2.4339447324313244,
        3.2822117597284595,
        2.4339447324313244,
        2.858078246079892,
        3.2822117597284595,
        3.706345273377027,
        3.706345273377027,
        2.858078246079892,
        2.858078246079892,
        2.4339447324313244,
        2.4339447324313244,
        2.4339447324313244,
        2.4339447324313244,
        2.4339447324313244,
        3.2822117597284595,
        2.4339447324313244,
        2.4339447324313244
      ],
      "count_of_outliers": 45
    }
  ],
  "Size": 1473,
  "Average_of_count_of_outliers": 22.5,
  "Normalised_Average_count_of_outliers": 0.015274949083503055,
  "Avg_correlation": 0.5401258901189876,
  "Avg_chi_score": 124.66417543243675,
  "Average_of_class_types": 3.142857142857143
}