{
  "file_name": "student-mat",
  "classes_in_target": 18,
  "fraction_of_numerical_attributes": 0.5,
  "Columns_Outliers": [
    {
      "column_name": "G2",
      "list_of_outliers": [
        -2.8519203764650123,
        -2.8519203764650123,
        -2.8519203764650123,
        -2.8519203764650123,
        -2.8519203764650123,
        -2.8519203764650123,
        -2.8519203764650123,
        -2.8519203764650123,
        -2.8519203764650123,
        -2.8519203764650123,
        -2.8519203764650123,
        -2.8519203764650123,
        -2.8519203764650123
      ],
      "count_of_outliers": 13
    },
    {
      "column_name": "G1",
      "list_of_outliers": [],
      "count_of_outliers": 0
    },
    {
      "column_name": "absences",
      "list_of_outliers": [
        2.4135166718988152,
        6.0417100415314815,
        2.538626788093045,
        6.2919302739199425,
        2.288406555704585,
        2.788847020481505,
        2.038186323316125,
        1.9130762071218952,
        8.669022481610309,
        2.038186323316125,
        3.0390672528699643,
        4.039948182423803,
        2.038186323316125,
        4.290168414812263,
        2.163296439510355
      ],
      "count_of_outliers": 15
    }
  ],
  "Size": 395,
  "Average_of_count_of_outliers": 9.333333333333334,
  "Normalised_Average_count_of_outliers": 0.023628691983122365,
  "Avg_correlation": 0.3049658903135141,
  "Avg_chi_score": 18.736327924339143,
  "Average_of_class_types": 5.0
}