LogReg,KNN,GNB,DTree,SVC
0.7937101793389217,0.7766039269033281,0.7952765985700117,0.8071619990033163,None
1.0347935000000001,4.0780234,0.1416574999999991,0.5869713999999995,None
2.359375,0.031250,0,1.613281,None