LogReg,KNN,GNB,DTree,SVC
0.8758248908049919,0.8725075275343462,0.7913015120834845,0.5624872880824764,None
3.5167708,5.709895800000001,0.2580216000000011,1.0175839,None
2.449219,0.230469,0.648438,0.394531,None