LogReg,KNN,GNB,DTree,SVC
0.9634820221681537,0.9678183292781833,0.9590592051905921,0.934155177074885,0.9503217085698837
0.0699687,0.15265379999999995,0.08061099999999977,0.08106310000000017,0.10164399999999985
0.5,0.261719,0.015625,0.093750,0.660156