LogReg,KNN,GNB,DTree,SVC
0.6551250168033338,0.6430703051485416,0.6058811668234978,0.7940751445086704,0.7698212125285657
0.08545690000000006,0.24198969999999997,0.06631680000000006,0.0712476999999998,0.2649231000000003
1.699219,0.160156,0.132812,0.093750,1.625