LogReg,KNN,GNB,DTree,SVC
0.9600000000000002,0.9733333333333334,0.9533333333333334,0.9600000000000002,0.9800000000000001
0.15646680000000002,0.0937562999999999,0.07320420000000016,0.07296170000000002,0.10662959999999977
1.406250,0.164062,0.015625,0.15625,0.125