LogReg,KNN,GNB,DTree,SVC
0.5891622832651471,0.49830118838885645,0.559162283265147,0.4951431911163063,0.5388194038573934
0.08397499999999991,0.09437770000000034,0.06752230000000026,0.07872849999999998,0.10234429999999994
1.210938,0.1875,0.015625,0.105469,0.144531