LogReg,KNN,GNB,DTree,SVC
0.9615615615615616,0.6860213995508112,0.9558386958386957,0.8430850177909001,0.42772983067100717
0.0757270000000001,0.09246189999999999,0.07033610000000001,0.07491300000000001,0.08525350000000032
1.433594,0.199219,0.105469,0.097656,0.164062