LogReg,KNN,GNB,DTree,SVC
0.5165733613758443,0.3969056623230895,0.43464935949051764,0.41591779557172864,0.43897656576748634
0.6993048000000002,0.20740029999999976,0.01995590000000025,0.12600040000000012,6.897539399999999
4.183594,0.183594,0.125,0.09375,2.027344