{
  "file_name": "cmc_data",
  "Number_of_Attributes": 9,
  "classes_in_target": 3,
  "fraction_of_numerical_attributes": 0.2222222222222222,
  "Columns_Outliers": [
    {
      "column_name": "a",
      "list_of_outliers": [],
      "count_of_outliers": 0
    },
    {
      "column_name": "d",
      "list_of_outliers": [
        10,
        9,
        9,
        10,
        10,
        10,
        12,
        11,
        11,
        11,
        10,
        9,
        10,
        11,
        13,
        11,
        10,
        16,
        13,
        11,
        9,
        9,
        9,
        11,
        9,
        11,
        12,
        10,
        9,
        11,
        9,
        10,
        11,
        12,
        12,
        10,
        10,
        9,
        9,
        9,
        9,
        9,
        11,
        9,
        9
      ],
      "count_of_outliers": 45
    }
  ],
  "Size": 1473,
  "Average_of_count_of_outliers": 22.5,
  "Normalised_Average_count_of_outliers": 0.015274949083503055,
  "Avg_correlation": 0.5401258901189886
}