{
  "file_name": "ionosphere",
  "Number_of_Attributes": 34,
  "classes_in_target": 2,
  "fraction_of_numerical_attributes": 0.9411764705882353,
  "Columns_Outliers": [
    {
      "column_name": "V3",
      "list_of_outliers": [
        -1.0,
        -1.0,
        -1.0,
        -1.0,
        -0.64286,
        -0.67935,
        -1.0,
        -0.5418,
        -1.0,
        -1.0,
        -0.65625,
        -1.0,
        -1.0,
        -1.0,
        -1.0,
        -1.0,
        -1.0,
        -1.0,
        -1.0
      ],
      "count_of_outliers": 19
    },
    {
      "column_name": "V4",
      "list_of_outliers": [
        -0.5421,
        -0.8670100000000001,
        -0.93996,
        -1.0,
        1.0,
        1.0,
        -1.0,
        -1.0,
        -1.0,
        -1.0,
        1.0,
        -1.0,
        -1.0,
        1.0,
        1.0,
        -1.0,
        1.0,
        -1.0,
        1.0,
        -1.0,
        0.67784,
        1.0,
        -1.0,
        1.0,
        1.0,
        1.0,
        -1.0,
        -1.0,
        -1.0,
        -0.49311000000000005,
        -0.57224,
        -0.62879,
        -0.61,
        0.81586,
        -0.92453,
        0.8333299999999999,
        1.0,
        1.0,
        -1.0,
        1.0,
        1.0,
        -0.63636,
        1.0,
        1.0,
        -1.0,
        1.0,
        0.63548,
        1.0,
        -1.0,
        -1.0,
        -1.0,
        1.0,
        -0.5,
        -1.0,
        -0.59677,
        1.0,
        -1.0,
        1.0,
        -1.0,
        -1.0,
        -1.0,
        1.0,
        1.0,
        -0.5,
        -0.60927,
        1.0,
        1.0
      ],
      "count_of_outliers": 67
    },
    {
      "column_name": "V5",
      "list_of_outliers": [
        -1.0,
        -1.0,
        -1.0,
        -1.0,
        -1.0,
        -0.72973,
        -0.7882399999999999,
        -0.7619,
        -1.0,
        -1.0,
        -1.0,
        -1.0,
        -0.50694,
        -1.0,
        -1.0,
        -1.0,
        -1.0,
        -1.0,
        -1.0,
        -1.0
      ],
      "count_of_outliers": 20
    },
    {
      "column_name": "V6",
      "list_of_outliers": [
        1.0,
        -1.0,
        -1.0,
        -1.0,
        1.0,
        1.0,
        1.0,
        -1.0,
        1.0,
        -1.0,
        1.0,
        1.0,
        1.0,
        -1.0,
        1.0,
        -1.0,
        -1.0,
        -1.0,
        1.0,
        -1.0,
        -1.0,
        1.0,
        -0.80553,
        -0.7337100000000001,
        1.0,
        -1.0,
        -1.0,
        -1.0,
        1.0,
        1.0,
        -1.0,
        0.9076299999999999,
        1.0,
        -0.62766,
        1.0,
        -1.0,
        1.0,
        1.0,
        -1.0,
        -1.0,
        1.0,
        -0.78509,
        -1.0,
        1.0,
        -1.0,
        -1.0,
        1.0,
        -1.0,
        1.0,
        1.0,
        1.0,
        1.0,
        1.0,
        -1.0,
        -0.7608699999999999
      ],
      "count_of_outliers": 55
    },
    {
      "column_name": "V7",
      "list_of_outliers": [
        -1.0,
        -1.0,
        -1.0,
        -1.0,
        -1.0,
        -1.0,
        -1.0,
        -1.0,
        -1.0,
        -1.0,
        -1.0,
        -1.0,
        -1.0
      ],
      "count_of_outliers": 13
    },
    {
      "column_name": "V8",
      "list_of_outliers": [
        -0.9359700000000001,
        -1.0,
        -1.0,
        -1.0,
        -1.0,
        -1.0,
        -0.81779,
        -1.0,
        -1.0,
        -1.0,
        -1.0,
        -1.0,
        -1.0,
        -1.0,
        -1.0,
        -0.99265,
        -1.0,
        -0.8705200000000001,
        -0.9745,
        -1.0,
        -1.0,
        -0.8245600000000001,
        -1.0,
        -1.0,
        -1.0,
        -1.0,
        -1.0,
        -1.0,
        -1.0,
        -0.85741,
        -1.0
      ],
      "count_of_outliers": 31
    },
    {
      "column_name": "V9",
      "list_of_outliers": [],
      "count_of_outliers": 0
    },
    {
      "column_name": "V10",
      "list_of_outliers": [
        -1.0,
        -1.0,
        -1.0,
        -1.0,
        -1.0,
        -1.0,
        -1.0,
        -1.0,
        -1.0,
        -1.0,
        -1.0,
        -1.0,
        -1.0,
        -1.0,
        -1.0,
        -1.0,
        -1.0
      ],
      "count_of_outliers": 17
    },
    {
      "column_name": "V11",
      "list_of_outliers": [],
      "count_of_outliers": 0
    },
    {
      "column_name": "V12",
      "list_of_outliers": [
        -1.0,
        -1.0,
        -1.0,
        -1.0,
        -1.0,
        -1.0,
        -1.0,
        -1.0,
        -1.0,
        -1.0,
        -0.9485299999999999,
        -0.8909799999999999,
        -1.0,
        -1.0,
        -1.0,
        -1.0,
        -1.0,
        -1.0,
        -1.0,
        -1.0
      ],
      "count_of_outliers": 20
    },
    {
      "column_name": "V13",
      "list_of_outliers": [],
      "count_of_outliers": 0
    },
    {
      "column_name": "V14",
      "list_of_outliers": [
        -1.0,
        -1.0,
        -1.0,
        -0.89375,
        -1.0,
        -1.0,
        -0.8209,
        -0.8484799999999999,
        -0.8640200000000001,
        -0.8572700000000001,
        -1.0,
        -1.0,
        -1.0,
        -1.0,
        -1.0,
        -1.0,
        -1.0,
        -1.0,
        -0.79313,
        -1.0,
        -1.0,
        -1.0,
        -1.0,
        -1.0,
        -1.0,
        -1.0,
        -1.0,
        -1.0,
        -1.0,
        -1.0
      ],
      "count_of_outliers": 30
    },
    {
      "column_name": "V15",
      "list_of_outliers": [],
      "count_of_outliers": 0
    },
    {
      "column_name": "V16",
      "list_of_outliers": [
        -0.97515,
        -1.0,
        1.0,
        -1.0,
        -1.0,
        -1.0,
        -1.0,
        -1.0,
        -1.0,
        -1.0,
        -1.0,
        1.0,
        1.0,
        -0.67708,
        -1.0,
        -1.0,
        1.0,
        -1.0,
        1.0,
        -1.0,
        1.0,
        -0.68065,
        0.91404,
        1.0,
        1.0,
        1.0,
        -1.0,
        -1.0,
        -1.0,
        1.0,
        1.0,
        1.0,
        -1.0,
        1.0,
        1.0,
        1.0,
        1.0,
        1.0,
        -1.0,
        -1.0,
        -1.0,
        1.0,
        -0.83519,
        0.90665,
        0.9368200000000001,
        1.0
      ],
      "count_of_outliers": 46
    },
    {
      "column_name": "V17",
      "list_of_outliers": [],
      "count_of_outliers": 0
    },
    {
      "column_name": "V18",
      "list_of_outliers": [
        1.0,
        -1.0,
        -1.0,
        1.0,
        -1.0,
        -1.0,
        -1.0,
        -1.0,
        0.8277700000000001,
        1.0,
        1.0,
        1.0,
        -1.0,
        -1.0,
        -1.0,
        1.0,
        -1.0,
        0.8281299999999999,
        -1.0,
        1.0,
        1.0,
        -1.0,
        1.0,
        -1.0,
        1.0,
        1.0,
        0.9512200000000001,
        0.8739600000000001,
        0.9162399999999999,
        -1.0,
        1.0,
        -1.0,
        -1.0,
        1.0,
        -1.0,
        -1.0,
        -1.0,
        1.0,
        1.0,
        -1.0,
        -1.0,
        -1.0,
        -1.0,
        -1.0,
        1.0,
        0.82742,
        1.0,
        -1.0,
        -1.0,
        1.0,
        0.93429,
        0.8521,
        0.85475,
        0.83939,
        0.9872200000000001
      ],
      "count_of_outliers": 55
    },
    {
      "column_name": "V19",
      "list_of_outliers": [],
      "count_of_outliers": 0
    },
    {
      "column_name": "V20",