{
  "file_name": "transfusion_data",
  "Number_of_Attributes": 4,
  "classes_in_target": 2,
  "fraction_of_numerical_attributes": 1.0,
  "Columns_Outliers": [
    {
      "column_name": "Recency (months)",
      "list_of_outliers": [
        35,
        38,
        38,
        40,
        74,
        39,
        72
      ],
      "count_of_outliers": 7
    },
    {
      "column_name": "Frequency (times)",
      "list_of_outliers": [
        50,
        16,
        20,
        24,
        46,
        23,
        15,
        16,
        20,
        19,
        16,
        16,
        17,
        17,
        17,
        24,
        15,
        22,
        17,
        18,
        16,
        16,
        16,
        38,
        16,
        15,
        43,
        22,
        34,
        44,
        26,
        41,
        21,
        21,
        16,
        33,
        15,
        24,
        16,
        16,
        15,
        16,
        16,
        15,
        19
      ],
      "count_of_outliers": 45
    },
    {
      "column_name": "Monetary (c.c. blood)",
      "list_of_outliers": [
        12500,
        4000,
        5000,
        6000,
        11500,
        5750,
        3750,
        4000,
        5000,
        4750,
        4000,
        4000,
        4250,
        4250,
        4250,
        6000,
        3750,
        5500,
        4250,
        4500,
        4000,
        4000,
        4000,
        9500,
        4000,
        3750,
        10750,
        5500,
        8500,
        11000,
        6500,
        10250,
        5250,
        5250,
        4000,
        8250,
        3750,
        6000,
        4000,
        4000,
        3750,
        4000,
        4000,
        3750,
        4750
      ],
      "count_of_outliers": 45
    },
    {
      "column_name": "Time (months)",
      "list_of_outliers": [],
      "count_of_outliers": 0
    }
  ],
  "Size": 748,
  "Average_of_count_of_outliers": 24.25,
  "Normalised_Average_count_of_outliers": 0.03241978609625668,
  "Avg_correlation": 0.4659982618308538
}